snapshot_index,source,timestamp_mmss,timestamp_sec,frame_index,width,height,edge_pixels,edge_density,skeleton_pixels,skeleton_density,delaunay_points,delaunay_triangles,delaunay_edges,voronoi_vertices,voronoi_ridges,voronoi_enclosed_cells,image_enclosed_cells,graph_vertices,graph_edges_est,intersection_points,endpoints,veins,arteries,total_vein_length_px,total_artery_length_px,longest_vein_px,longest_artery_px,mean_vein_length_px,mean_artery_length_px,simulon_count,simulon_density,simulon_field_energy,simulon_entropy,simulon_cohesion,vein_to_artery_length_ratio,artery_to_vein_length_ratio,net_complexity_index,enclosure_total,vascular_total_length_px,artery_share_of_length,simulon_per_intersection
1,clideo_editor_13d9c85214c64cfaaf58122f95277d19.mp4,00:01.52,1.52,38,1280,720,218147,0.23670464409722222,171086,0.18564019097222223,1600,3170,4769,3166,4765,1492,252,64330,192236,47936,16394,983,656,27271.0,139453.0,235.0,20346.0,27.74262461851475,212.58079268292684,49680,0.05390625,10871.796839898003,0.9769475911677671,0.9947851481017939,0.19555692598940144,5.113600528033442,0.5529308983532183,1744,166724.0,0.8364302679878122,1.036381842456609
2,clideo_editor_13d9c85214c64cfaaf58122f95277d19.mp4,00:04.52,4.52,113,1280,720,218147,0.23670464409722222,171086,0.18564019097222223,1600,3170,4769,3166,4765,1492,252,64330,192236,47936,16394,983,656,27271.0,139453.0,235.0,20346.0,27.74262461851475,212.58079268292684,49680,0.05390625,10871.796839898003,0.9769475911677671,0.9947851481017939,0.19555692598940144,5.113600528033442,0.5529308983532183,1744,166724.0,0.8364302679878122,1.036381842456609
3,clideo_editor_13d9c85214c64cfaaf58122f95277d19.mp4,00:07.56,7.56,189,1280,720,72308,0.07845920138888889,55303,0.060007595486111114,1600,3176,4775,3174,4773,1465,699,15037,58607,9967,5070,647,432,20755.0,34130.0,171.0,730.0,32.07882534775889,79.00462962962963,12131,0.013162977430555556,873.5178222656249,0.8561510859537117,0.9960367125573634,0.6081160269557574,1.6444230305950374,0.4459337856608368,2164,54885.0,0.6218456773253166,1.2171164843985152
4,clideo_editor_13d9c85214c64cfaaf58122f95277d19.mp4,00:10.60,10.6,265,1280,720,218997,0.237626953125,169602,0.18402994791666666,1600,3172,4771,3171,4770,1487,93,50770,182424,35137,15633,1688,1126,47729.0,115151.0,198.0,5109.0,28.275473933649288,102.26554174067496,36717,0.03984049479166667,8036.395271809896,0.9849675166699952,0.9952023362536504,0.4144905385103039,2.4126003058936916,0.5435359410898706,1580,162880.0,0.7069683202357564,1.0449668440675073
5,clideo_editor_13d9c85214c64cfaaf58122f95277d19.mp4,00:13.60,13.6,340,1280,720,218997,0.237626953125,169602,0.18402994791666666,1600,3172,4771,3171,4770,1487,93,50770,182424,35137,15633,1688,1126,47729.0,115151.0,198.0,5109.0,28.275473933649288,102.26554174067496,36717,0.03984049479166667,8036.395271809896,0.9849675166699952,0.9952023362536504,0.4144905385103039,2.4126003058936916,0.5435359410898706,1580,162880.0,0.7069683202357564,1.0449668440675073
6,clideo_editor_13d9c85214c64cfaaf58122f95277d19.mp4,00:16.64,16.64,416,1280,720,196444,0.21315538194444444,146212,0.1586501736111111,1600,3175,4774,3175,4774,1488,299,44730,156938,30598,14132,1291,861,30060.0,110420.0,155.0,13964.0,23.284275755228506,128.24622531939605,32385,0.035139973958333334,6285.428212673611,0.9805300840587158,0.9958281184814352,0.27223329107045824,3.67332002661344,0.5289423626957444,1787,140480.0,0.7860193621867881,1.0584025099679717
7,clideo_editor_13d9c85214c64cfaaf58122f95277d19.mp4,00:19.64,19.64,491,1280,720,196444,0.21315538194444444,146212,0.1586501736111111,1600,3175,4774,3175,4774,1488,299,44730,156938,30598,14132,1291,861,30060.0,110420.0,155.0,13964.0,23.284275755228506,128.24622531939605,32385,0.035139973958333334,6285.428212673611,0.9805300840587158,0.9958281184814352,0.27223329107045824,3.67332002661344,0.5289423626957444,1787,140480.0,0.7860193621867881,1.0584025099679717
8,clideo_editor_13d9c85214c64cfaaf58122f95277d19.mp4,00:22.68,22.68,567,1280,720,206715,0.22430013020833334,160713,0.174384765625,1600,3174,4773,3173,4772,1481,241,56570,177676,41208,15362,1106,737,28273.0,126899.0,316.0,9117.0,25.563291139240505,172.18317503392132,42930,0.04658203125,8879.408109049478,0.976940975609872,0.9956195244055068,0.22279923403651722,4.488345771584197,0.5437395946778747,1722,155172.0,0.8177957363441858,1.0417880023296446
9,clideo_editor_13d9c85214c64cfaaf58122f95277d19.mp4,00:25.72,25.72,643,1280,720,173257,0.18799587673611112,140017,0.15192816840277779,1600,3170,4769,3170,4769,1501,104,31172,147588,21276,9896,1330,887,39270.0,96417.0,150.0,1672.0,29.526315789473685,108.7001127395716,22881,0.024827473958333332,4012.866195746528,0.9745138360069696,0.9947851481017939,0.4072933196428016,2.4552330022918256,0.5186863660936561,1605,135687.0,0.7105839173981295,1.0754371122391426
10,clideo_editor_13d9c85214c64cfaaf58122f95277d19.mp4,00:28.72,28.72,718,1280,720,173257,0.18799587673611112,140017,0.15192816840277779,1600,3170,4769,3170,4769,1501,104,31172,147588,21276,9896,1330,887,39270.0,96417.0,150.0,1672.0,29.526315789473685,108.7001127395716,22881,0.024827473958333332,4012.866195746528,0.9745138360069696,0.9947851481017939,0.4072933196428016,2.4552330022918256,0.5186863660936561,1605,135687.0,0.7105839173981295,1.0754371122391426
11,clideo_editor_13d9c85214c64cfaaf58122f95277d19.mp4,00:31.76,31.76,794,1280,720,108267,0.11747721354166667,87042,0.09444661458333334,1600,3176,4775,3176,4775,1505,366,21956,91328,14092,7864,926,617,22796.0,60848.0,137.0,1710.0,24.617710583153347,98.61912479740681,15963,0.017320963541666668,1746.725068359375,0.951022411200615,0.9960367125573634,0.3746384433342098,2.669240217582032,0.4745571780970627,1871,83644.0,0.7274640141552293,1.1327703661652002
12,clideo_editor_13d9c85214c64cfaaf58122f95277d19.mp4,00:34.76,34.76,869,1280,720,108267,0.11747721354166667,87042,0.09444661458333334,1600,3176,4775,3176,4775,1505,366,21956,91328,14092,7864,926,617,22796.0,60848.0,137.0,1710.0,24.617710583153347,98.61912479740681,15963,0.017320963541666668,1746.725068359375,0.951022411200615,0.9960367125573634,0.3746384433342098,2.669240217582032,0.4745571780970627,1871,83644.0,0.7274640141552293,1.1327703661652002
13,clideo_editor_13d9c85214c64cfaaf58122f95277d19.mp4,00:37.80,37.8,945,1280,720,27954,0.03033203125,22606,0.024529079861111112,1343,2664,4006,2662,4004,1277,237,4704,23690,3143,1561,231,155,7620.0,14678.0,405.0,720.0,32.98701298701299,94.69677419354839,4657,0.0050531684027777775,131.82604991319445,0.779023461077675,0.9957742977877206,0.5191442975882273,1.926246719160105,0.41385604155798394,1514,22298.0,0.6582653152749125,1.4817053770283168
14,clideo_editor_13d9c85214c64cfaaf58122f95277d19.mp4,00:40.80,40.8,1020,1280,720,173943,0.188740234375,128255,0.13916558159722223,1600,3154,4753,3153,4752,1442,59,23107,131501,14687,8420,2272,1515,39444.0,84734.0,90.0,1212.0,17.360915492957748,55.93003300330033,16188,0.017565104166666668,2774.6182354600696,0.9753452199210274,0.991447642886942,0.46550381192909573,2.1482101206774162,0.5065957675007531,1501,124178.0,0.6823591940601395,1.1021992238033635
15,clideo_editor_13d9c85214c64cfaaf58122f95277d19.mp4,00:43.84,43.84,1096,1280,720,173943,0.188740234375,128255,0.13916558159722223,1600,3154,4753,3153,4752,1442,59,23107,131501,14687,8420,2272,1515,39444.0,84734.0,90.0,1212.0,17.360915492957748,55.93003300330033,16188,0.017565104166666668,2774.6182354600696,0.9753452199210274,0.991447642886942,0.46550381192909573,2.1482101206774162,0.5065957675007531,1501,124178.0,0.6823591940601395,1.1021992238033635
16,clideo_editor_13d9c85214c64cfaaf58122f95277d19.mp4,00:46.88,46.88,1172,1280,720,13435,0.01457790798611111,10594,0.011495225694444444,588,1170,1757,1167,1754,568,7,1999,10829,1222,777,51,34,2386.0,7636.0,720.0,1767.0,46.78431372549019,224.58823529411765,1797,0.0019498697916666666,24.271146592881944,0.7090237905894813,0.9994311717861206,0.31246726034573075,3.2003352891869237,0.38520179245634517,575,10022.0,0.7619237677110358,1.4705400981996726
17,clideo_editor_13d9c85214c64cfaaf58122f95277d19.mp4,00:49.88,49.88,1247,1280,720,13435,0.01457790798611111,10594,0.011495225694444444,588,1170,1757,1167,1754,568,7,1999,10829,1222,777,51,34,2386.0,7636.0,720.0,1767.0,46.78431372549019,224.58823529411765,1797,0.0019498697916666666,24.271146592881944,0.7090237905894813,0.9994311717861206,0.31246726034573075,3.2003352891869237,0.38520179245634517,575,10022.0,0.7619237677110358,1.4705400981996726
18,clideo_editor_13d9c85214c64cfaaf58122f95277d19.mp4,00:52.92,52.92,1323,1280,720,102619,0.11134874131944444,81101,0.0880002170138889,1600,3175,4774,3174,4773,1491,105,20592,85043,13165,7427,1077,718,25797.0,52050.0,133.0,1414.0,23.95264623955432,72.49303621169916,14761,0.016016710069444443,1523.095298828125,0.931994545511143,0.9958281184814352,0.4956195965417867,2.0176764740086055,0.4680432557626882,1596,77847.0,0.6686192146132799,1.121230535510824
19,clideo_editor_13d9c85214c64cfaaf58122f95277d19.mp4,00:55.92,55.92,1398,1280,720,213064,0.2311892361111111,165539,0.17962131076388888,1600,3175,4774,3174,4773,1487,783,49250,177877,34000,15250,1516,1011,38335.0,121138.0,163.0,5890.0,25.28693931398417,119.81998021760633,36270,0.03935546875,7730.817705891927,0.9856294370902624,0.9958281184814352,0.3164572636167016,3.159984348506587,0.5405707323117135,2270,159473.0,0.7596144801941395,1.0667647058823528
20,clideo_editor_13d9c85214c64cfaaf58122f95277d19.mp4,00:58.96,58.96,1474,1280,720,213064,0.2311892361111111,165539,0.17962131076388888,1600,3175,4774,3174,4773,1487,783,49250,177877,34000,15250,1516,1011,38335.0,121138.0,163.0,5890.0,25.28693931398417,119.81998021760633,36270,0.03935546875,7730.817705891927,0.9856294370902624,0.9958281184814352,0.3164572636167016,3.159984348506587,0.5405707323117135,2270,159473.0,0.7596144801941395,1.0667647058823528
21,clideo_editor_13d9c85214c64cfaaf58122f95277d19.mp4,01:02.00,62.0,1550,1280,720,186498,0.20236328125,138063,0.14980794270833334,1600,3170,4769,3169,4768,1494,313,40550,147652,27682,12868,1205,803,23421.0,109943.0,213.0,10450.0,19.436514522821575,136.91531755915318,29489,0.031997612847222225,5425.243237304688,0.9785769255039797,0.9947851481017939,0.21302856934957204,4.694206054395628,0.523207559666534,1807,133364.0,0.824382891934855,1.065277075355827
22,clideo_editor_13d9c85214c64cfaaf58122f95277d19.mp4,01:05.00,65.0,1625,1280,720,212597,0.23068250868055556,157618,0.17102647569444446,1600,3161,4760,3160,4759,1458,1079,36406,161068,21112,15294,1928,1286,44439.0,105857.0,186.0,1447.0,23.04927385892116,82.3149300155521,23649,0.025660807291666667,4961.838517252605,0.981077889219108,0.9929078014184397,0.4198021859678623,2.3820743041022525,0.5154887836108407,2537,150296.0,0.704323468355778,1.1201686244789693
23,clideo_editor_13d9c85214c64cfaaf58122f95277d19.mp4,01:08.04,68.04,1701,1280,720,212596,0.2306814236111111,157615,0.1710232204861111,1600,3160,4759,3160,4759,1463,1079,36406,161065,21112,15294,1928,1286,44439.0,105854.0,186.0,1447.0,23.04927385892116,82.31259720062208,23654,0.02566623263888889,4962.843897298178,0.9817468726417744,0.9926992073425115,0.41981408354903926,2.3820067958324893,0.5155568654503514,2542,150293.0,0.7043175663537224,1.1204054566123531
24,clideo_editor_13d9c85214c64cfaaf58122f95277d19.mp4,01:11.04,71.04,1776,1280,720,184559,0.20025933159722223,140684,0.15265190972222223,1600,3170,4769,3170,4769,1494,447,39377,149505,26519,12858,1311,875,30740.0,105251.0,223.0,3348.0,23.447749809305872,120.28685714285714,28460,0.03088107638888889,5225.346644694011,0.9790173126956366,0.9947851481017939,0.2920637333612032,3.4239102147039686,0.5213713915417781,1941,135991.0,0.7739556294166525,1.0731928051585655
25,clideo_editor_13d9c85214c64cfaaf58122f95277d19.mp4,01:14.08,74.08,1852,1280,720,184559,0.20025933159722223,140684,0.15265190972222223,1600,3170,4769,3170,4769,1494,447,39377,149505,26519,12858,1311,875,30740.0,105251.0,223.0,3348.0,23.447749809305872,120.28685714285714,28460,0.03088107638888889,5225.346644694011,0.9790173126956366,0.9947851481017939,0.2920637333612032,3.4239102147039686,0.5213713915417781,1941,135991.0,0.7739556294166525,1.0731928051585655
26,clideo_editor_13d9c85214c64cfaaf58122f95277d19.mp4,01:17.12,77.12,1928,1280,720,212416,0.2304861111111111,165176,0.17922743055555557,1600,3178,4777,3178,4777,1490,747,48863,177544,33797,15066,1487,992,37202.0,122040.0,153.0,6286.0,25.01815736381977,123.0241935483871,36034,0.03909939236111111,7659.079720052084,0.9850007825194482,0.9964539007092199,0.30483448049819734,3.28046879200043,0.5405432304607628,2237,159242.0,0.7663807287022268,1.066189306743202
27,clideo_editor_13d9c85214c64cfaaf58122f95277d19.mp4,01:20.12,80.12,2003,1280,720,164170,0.17813585069444443,125875,0.13658311631944445,1600,3183,4782,3182,4781,1517,268,34648,134257,23937,10711,1149,767,25451.0,96758.0,277.0,6302.0,22.150565709312446,126.15123859191655,25722,0.02791015625,4208.087142198351,0.9580996473649898,0.9974968710888611,0.26303768163872754,3.801736670464815,0.5122693337281778,1785,122209.0,0.791742015727156,1.0745707482140618
28,clideo_editor_13d9c85214c64cfaaf58122f95277d19.mp4,01:23.16,83.16,2079,1280,720,164277,0.178251953125,125949,0.13666341145833333,1600,3180,4779,3179,4778,1520,269,34680,134341,23960,10720,1148,765,25460.0,96816.0,277.0,6302.0,22.177700348432055,126.55686274509804,25749,0.027939453125,4215.171061197916,0.9616061818311755,0.9968710888610763,0.26297306230375145,3.8026708562450904,0.5127574828237772,1789,122276.0,0.7917825247800059,1.0746661101836394
29,clideo_editor_13d9c85214c64cfaaf58122f95277d19.mp4,01:26.16,86.16,2154,1280,720,95480,0.10360243055555556,75045,0.08142903645833334,1600,3169,4768,3167,4766,1509,374,19026,79764,12957,6069,902,601,25142.0,48725.0,248.0,828.0,27.873614190687363,81.07321131447587,14840,0.016102430555555554,1422.387302246094,0.9534171985980767,0.9945765540258656,0.5159979476654695,1.9379922042796913,0.47576868985965093,1883,73867.0,0.6596314998578526,1.1453268503511616
30,clideo_editor_13d9c85214c64cfaaf58122f95277d19.mp4,01:29.20,89.2,2230,1280,720,95481,0.103603515625,75044,0.08142795138888889,1600,3166,4765,3164,4763,1510,374,19021,79759,12952,6069,902,601,25138.0,48728.0,248.0,828.0,27.86917960088692,81.07820299500833,14836,0.01609809027777778,1422.0087650282119,0.9480651159479843,0.9939507717980809,0.5158840912822197,1.9384199220303922,0.4748553485099224,1884,73866.0,0.6596810440527442,1.1454601605929586
31,clideo_editor_13d9c85214c64cfaaf58122f95277d19.mp4,01:32.20,92.2,2305,1280,720,28811,0.03126193576388889,22863,0.024807942708333332,1261,2516,3776,2505,3765,1208,45,5196,23813,3397,1799,154,103,4230.0,17691.0,720.0,1144.0,27.467532467532468,171.75728155339806,4650,0.005045572916666667,134.8931306423611,0.7827023056376963,0.9997352396081546,0.23910462947261318,4.1822695035461,0.4124602275396201,1253,21921.0,0.8070343506226906,1.3688548719458347
32,clideo_editor_13d9c85214c64cfaaf58122f95277d19.mp4,01:35.24,95.24,2381,1280,720,28811,0.03126193576388889,22863,0.024807942708333332,1261,2516,3776,2505,3765,1208,45,5196,23813,3397,1799,154,103,4230.0,17691.0,720.0,1144.0,27.467532467532468,171.75728155339806,4650,0.005045572916666667,134.8931306423611,0.7827023056376963,0.9997352396081546,0.23910462947261318,4.1822695035461,0.4124602275396201,1253,21921.0,0.8070343506226906,1.3688548719458347
33,clideo_editor_13d9c85214c64cfaaf58122f95277d19.mp4,01:38.28,98.28,2457,1280,720,28811,0.03126193576388889,22863,0.024807942708333332,1261,2516,3776,2505,3765,1208,45,5196,23813,3397,1799,154,103,4230.0,17691.0,720.0,1144.0,27.467532467532468,171.75728155339806,4650,0.005045572916666667,134.8931306423611,0.7827023056376963,0.9997352396081546,0.23910462947261318,4.1822695035461,0.4124602275396201,1253,21921.0,0.8070343506226906,1.3688548719458347
34,clideo_editor_13d9c85214c64cfaaf58122f95277d19.mp4,01:41.28,101.28,2532,1280,720,186207,0.20204752604166668,142063,0.1541482204861111,1600,3180,4779,3179,4778,1491,293,39567,150687,26437,13130,1347,899,32261.0,104795.0,162.0,3233.0,23.95025983667409,116.56840934371525,28221,0.030621744791666666,5229.050309461805,0.9779606868136548,0.9968710888610763,0.3078486569015697,3.248349400204581,0.5213002299158463,1784,137056.0,0.764614464160635,1.0674811816771947
35,clideo_editor_13d9c85214c64cfaaf58122f95277d19.mp4,01:44.32,104.32,2608,1280,720,209116,0.22690538194444446,164271,0.17824544270833334,1600,3169,4768,3168,4767,1486,276,58793,182757,43245,15548,1099,734,31516.0,128349.0,304.0,14495.0,28.67697907188353,174.8623978201635,45007,0.04883572048611111,9446.027139756945,0.9763856845776395,0.9945765540258656,0.2455492446376676,4.072502855692346,0.5464743886680473,1762,159865.0,0.8028586619960592,1.0407445947508382
36,clideo_editor_13d9c85214c64cfaaf58122f95277d19.mp4,01:47.32,107.32,2683,1280,720,209116,0.22690538194444446,164271,0.17824544270833334,1600,3169,4768,3168,4767,1486,276,58793,182757,43245,15548,1099,734,31516.0,128349.0,304.0,14495.0,28.67697907188353,174.8623978201635,45007,0.04883572048611111,9446.027139756945,0.9763856845776395,0.9945765540258656,0.2455492446376676,4.072502855692346,0.5464743886680473,1762,159865.0,0.8028586619960592,1.0407445947508382
37,clideo_editor_13d9c85214c64cfaaf58122f95277d19.mp4,01:50.36,110.36,2759,1280,720,207431,0.22507703993055556,160664,0.17433159722222222,1600,3177,4776,3176,4775,1497,95,47573,172515,32759,14814,1557,1039,43548.0,110772.0,198.0,5198.0,27.96917148362235,106.614051973051,34351,0.03727322048611111,7121.72386892361,0.9824243374191123,0.9962453066332916,0.3931318383707074,2.543675943786167,0.5369108542154416,1592,154320.0,0.7178071539657854,1.0485973320308923
38,clideo_editor_13d9c85214c64cfaaf58122f95277d19.mp4,01:53.40,113.4,2835,1280,720,207431,0.22507703993055556,160664,0.17433159722222222,1600,3177,4776,3176,4775,1497,95,47573,172515,32759,14814,1557,1039,43548.0,110772.0,198.0,5198.0,27.96917148362235,106.614051973051,34351,0.03727322048611111,7121.72386892361,0.9824243374191123,0.9962453066332916,0.3931318383707074,2.543675943786167,0.5369108542154416,1592,154320.0,0.7178071539657854,1.0485973320308923
39,clideo_editor_13d9c85214c64cfaaf58122f95277d19.mp4,01:56.40,116.4,2910,1280,720,207696,0.22536458333333334,163254,0.17714192708333334,1600,3171,4770,3171,4770,1475,454,52826,177845,37389,15437,1467,979,33987.0,122574.0,215.0,3889.0,23.167689161554193,125.20326864147088,39318,0.04266276041666667,8197.486734700522,0.969228435837997,0.9949937421777222,0.2772773997748299,3.6064966016418043,0.5392263818602505,1929,156561.0,0.7829152854159082,1.0515927144347268
40,clideo_editor_13d9c85214c64cfaaf58122f95277d19.mp4,01:59.44,119.44,2986,1280,720,217170,0.23564453125,170457,0.18495768229166668,1600,3181,4780,3180,4779,1483,241,54721,185595,38883,15838,1548,1033,34572.0,128846.0,169.0,6005.0,22.333333333333332,124.729912875121,40607,0.044061414930555556,8848.651078125,0.9780897172359287,0.9970796829370046,0.2683203203824721,3.7268888117551775,0.5460739368236198,1724,163418.0,0.7884443574147278,1.0443381426330274
41,clideo_editor_13d9c85214c64cfaaf58122f95277d19.mp4,02:02.44,122.44,3061,1280,720,217170,0.23564453125,170457,0.18495768229166668,1600,3181,4780,3180,4779,1483,241,54721,185595,38883,15838,1548,1033,34572.0,128846.0,169.0,6005.0,22.333333333333332,124.729912875121,40607,0.044061414930555556,8848.651078125,0.9780897172359287,0.9970796829370046,0.2683203203824721,3.7268888117551775,0.5460739368236198,1724,163418.0,0.7884443574147278,1.0443381426330274
42,clideo_editor_13d9c85214c64cfaaf58122f95277d19.mp4,02:05.48,125.48,3137,1280,720,131625,0.142822265625,104702,0.11360894097222222,1600,3178,4777,3178,4777,1492,351,26326,110588,17443,8883,1151,767,30851.0,71567.0,172.0,2164.0,26.80364900086881,93.3076923076923,19286,0.020926649305555555,2557.4099497070315,0.9630061379486685,0.9964539007092199,0.43107856973185965,2.3197627305435806,0.49200285771162366,1843,102418.0,0.6987736530687965,1.105658430315886
43,clideo_editor_13d9c85214c64cfaaf58122f95277d19.mp4,02:08.52,128.52,3213,1280,720,131625,0.142822265625,104702,0.11360894097222222,1600,3178,4777,3178,4777,1492,351,26326,110588,17443,8883,1151,767,30851.0,71567.0,172.0,2164.0,26.80364900086881,93.3076923076923,19286,0.020926649305555555,2557.4099497070315,0.9630061379486685,0.9964539007092199,0.43107856973185965,2.3197627305435806,0.49200285771162366,1843,102418.0,0.6987736530687965,1.105658430315886
44,clideo_editor_13d9c85214c64cfaaf58122f95277d19.mp4,02:11.52,131.52,3288,1280,720,247781,0.26885959201388887,192735,0.209130859375,1600,3178,4777,3178,4777,1470,1045,53211,205068,36447,16764,1207,805,22435.0,162674.0,145.0,8465.0,18.587406793703398,202.07950310559005,38962,0.04227647569444445,9661.052570203992,0.9856939074692415,0.9964539007092199,0.13791386453889373,7.250902607532873,0.5567966926008449,2515,185109.0,0.8788011387884976,1.0690043076247702
45,clideo_editor_13d9c85214c64cfaaf58122f95277d19.mp4,02:14.56,134.56,3364,1280,720,196234,0.21292751736111112,156331,0.16962999131944445,1600,3176,4775,3176,4775,1479,314,45727,167560,31174,14553,1401,934,38958.0,112227.0,645.0,5081.0,27.80728051391863,120.15738758029978,32967,0.035771484375,6520.192898871528,0.9785170567357528,0.9960367125573634,0.3471357160041701,2.8807176959802865,0.5303356469874309,1793,151185.0,0.7423157059232066,1.057515878616796
46,clideo_editor_13d9c85214c64cfaaf58122f95277d19.mp4,02:17.56,137.56,3439,1280,720,196234,0.21292751736111112,156331,0.16962999131944445,1600,3176,4775,3176,4775,1479,314,45727,167560,31174,14553,1401,934,38958.0,112227.0,645.0,5081.0,27.80728051391863,120.15738758029978,32967,0.035771484375,6520.192898871528,0.9785170567357528,0.9960367125573634,0.3471357160041701,2.8807176959802865,0.5303356469874309,1793,151185.0,0.7423157059232066,1.057515878616796
47,clideo_editor_13d9c85214c64cfaaf58122f95277d19.mp4,02:20.60,140.6,3515,1280,720,91136,0.09888888888888889,74359,0.08068467881944444,1600,3177,4776,3176,4775,1489,374,16050,77394,10155,5895,822,549,26395.0,46615.0,241.0,1349.0,32.11070559610705,84.90892531876139,12018,0.013040364583333333,1111.966815266927,0.9413181522188411,0.9962453066332916,0.5662340448353534,1.7660541769274485,0.4629801773331418,1863,73010.0,0.6384741816189563,1.1834564254062039
48,clideo_editor_13d9c85214c64cfaaf58122f95277d19.mp4,02:23.64,143.64,3591,1280,720,91136,0.09888888888888889,74359,0.08068467881944444,1600,3177,4776,3176,4775,1489,374,16050,77394,10155,5895,822,549,26395.0,46615.0,241.0,1349.0,32.11070559610705,84.90892531876139,12018,0.013040364583333333,1111.966815266927,0.9413181522188411,0.9962453066332916,0.5662340448353534,1.7660541769274485,0.4629801773331418,1863,73010.0,0.6384741816189563,1.1834564254062039
49,clideo_editor_13d9c85214c64cfaaf58122f95277d19.mp4,02:26.64,146.64,3666,1280,720,157115,0.1704806857638889,122828,0.13327690972222223,1600,3182,4781,3181,4780,1506,115,35820,130377,23554,12266,1572,1048,33873.0,82734.0,152.0,2149.0,21.547709923664122,78.94465648854961,25175,0.027316623263888888,3964.1969518229166,0.9699375809338974,0.9972882770129329,0.4094205526144028,2.4424763085643435,0.504396587526998,1621,116607.0,0.7095114358486198,1.0688205824912966
50,clideo_editor_13d9c85214c64cfaaf58122f95277d19.mp4,02:29.68,149.68,3742,1280,720,122767,0.1332107204861111,96889,0.10513129340277778,1600,3179,4778,3178,4777,1494,119,24836,102045,16289,8547,1163,778,30656.0,62609.0,163.0,1997.0,26.359415305245054,80.47429305912597,17902,0.019424913194444445,2208.9244347873264,0.9624519984996288,0.9966624947851481,0.4896420642399655,2.0423081941544887,0.48602914036363754,1613,93265.0,0.6713022033989171,1.0990238811467863
51,clideo_editor_13d9c85214c64cfaaf58122f95277d19.mp4,02:32.68,152.68,3817,1280,720,122767,0.1332107204861111,96889,0.10513129340277778,1600,3179,4778,3178,4777,1494,119,24836,102045,16289,8547,1163,778,30656.0,62609.0,163.0,1997.0,26.359415305245054,80.47429305912597,17902,0.019424913194444445,2208.9244347873264,0.9624519984996288,0.9966624947851481,0.4896420642399655,2.0423081941544887,0.48602914036363754,1613,93265.0,0.6713022033989171,1.0990238811467863
52,clideo_editor_13d9c85214c64cfaaf58122f95277d19.mp4,02:35.72,155.72,3893,1280,720,139480,0.15134548611111112,109386,0.11869140625,1600,3173,4772,3171,4770,1495,121,29642,116141,19844,9798,1344,897,31843.0,72797.0,183.0,1900.0,23.692708333333332,81.15607580824972,21460,0.02328559027777778,3002.7492546657986,0.9677594454744036,0.9954109303295786,0.4374218717804305,2.286122538705524,0.4975085839194863,1616,104640.0,0.6956899847094801,1.0814351945172345
53,clideo_editor_13d9c85214c64cfaaf58122f95277d19.mp4,02:38.72,158.72,3968,1280,720,139480,0.15134548611111112,109386,0.11869140625,1600,3173,4772,3171,4770,1495,121,29642,116141,19844,9798,1344,897,31843.0,72797.0,183.0,1900.0,23.692708333333332,81.15607580824972,21460,0.02328559027777778,3002.7492546657986,0.9677594454744036,0.9954109303295786,0.4374218717804305,2.286122538705524,0.4975085839194863,1616,104640.0,0.6956899847094801,1.0814351945172345
54,clideo_editor_13d9c85214c64cfaaf58122f95277d19.mp4,02:41.76,161.76,4044,1280,720,170426,0.18492404513888888,134568,0.146015625,1600,3180,4779,3178,4777,1494,145,41818,145203,28843,12975,1459,973,33968.0,94666.0,117.0,5861.0,23.281699794379712,97.2929085303186,30482,0.033075086805555556,5221.923788085937,0.9720235160787156,0.9968710888610763,0.35881942830583313,2.786917098445596,0.5179599116538632,1639,128634.0,0.7359329570720028,1.056824879520161
55,clideo_editor_13d9c85214c64cfaaf58122f95277d19.mp4,02:44.80,164.8,4120,1280,720,167161,0.18138129340277778,133193,0.14452365451388888,1600,3183,4782,3182,4781,1497,332,39966,143277,27722,12244,1170,781,28205.0,97907.0,202.0,11480.0,24.10683760683761,125.36107554417414,29551,0.03206488715277778,4978.954052083333,0.9716483863645403,0.9974968710888611,0.2880795040191202,3.4712639602907287,0.5174188262725425,1829,126112.0,0.7763495940116721,1.065976480773393
56,clideo_editor_13d9c85214c64cfaaf58122f95277d19.mp4,02:47.80,167.8,4195,1280,720,167161,0.18138129340277778,133193,0.14452365451388888,1600,3183,4782,3182,4781,1497,332,39966,143277,27722,12244,1170,781,28205.0,97907.0,202.0,11480.0,24.10683760683761,125.36107554417414,29551,0.03206488715277778,4978.954052083333,0.9716483863645403,0.9974968710888611,0.2880795040191202,3.4712639602907287,0.5174188262725425,1829,126112.0,0.7763495940116721,1.065976480773393
57,clideo_editor_13d9c85214c64cfaaf58122f95277d19.mp4,02:50.84,170.84,4271,1280,720,25513,0.027683376736111112,20676,0.022434895833333333,1160,2314,3473,2304,3463,1096,35,5309,21748,3532,1777,129,87,3494.0,16108.0,720.0,982.0,27.085271317829456,185.1494252873563,4663,0.005059678819444444,120.54764887152778,0.7749455392449711,0.9997121473805411,0.2169108517506829,4.610188895248998,0.4120477180764106,1131,19602.0,0.821752882358943,1.3202151755379388
58,clideo_editor_13d9c85214c64cfaaf58122f95277d19.mp4,02:53.84,173.84,4346,1280,720,25513,0.027683376736111112,20676,0.022434895833333333,1160,2314,3473,2304,3463,1096,35,5309,21748,3532,1777,129,87,3494.0,16108.0,720.0,982.0,27.085271317829456,185.1494252873563,4663,0.005059678819444444,120.54764887152778,0.7749455392449711,0.9997121473805411,0.2169108517506829,4.610188895248998,0.4120477180764106,1131,19602.0,0.821752882358943,1.3202151755379388
59,clideo_editor_13d9c85214c64cfaaf58122f95277d19.mp4,02:56.88,176.88,4422,1280,720,25513,0.027683376736111112,20676,0.022434895833333333,1160,2314,3473,2304,3463,1096,35,5309,21748,3532,1777,129,87,3494.0,16108.0,720.0,982.0,27.085271317829456,185.1494252873563,4663,0.005059678819444444,120.54764887152778,0.7749455392449711,0.9997121473805411,0.2169108517506829,4.610188895248998,0.4120477180764106,1131,19602.0,0.821752882358943,1.3202151755379388
60,clideo_editor_13d9c85214c64cfaaf58122f95277d19.mp4,02:59.92,179.92,4498,1280,720,25513,0.027683376736111112,20676,0.022434895833333333,1160,2314,3473,2304,3463,1096,35,5309,21748,3532,1777,129,87,3494.0,16108.0,720.0,982.0,27.085271317829456,185.1494252873563,4663,0.005059678819444444,120.54764887152778,0.7749455392449711,0.9997121473805411,0.2169108517506829,4.610188895248998,0.4120477180764106,1131,19602.0,0.821752882358943,1.3202151755379388
61,clideo_editor_13d9c85214c64cfaaf58122f95277d19.mp4,03:02.92,182.92,4573,1280,720,25513,0.027683376736111112,20676,0.022434895833333333,1160,2314,3473,2304,3463,1096,35,5309,21748,3532,1777,129,87,3494.0,16108.0,720.0,982.0,27.085271317829456,185.1494252873563,4663,0.005059678819444444,120.54764887152778,0.7749455392449711,0.9997121473805411,0.2169108517506829,4.610188895248998,0.4120477180764106,1131,19602.0,0.821752882358943,1.3202151755379388
62,clideo_editor_13d9c85214c64cfaaf58122f95277d19.mp4,03:05.96,185.96,4649,1280,720,25513,0.027683376736111112,20676,0.022434895833333333,1160,2314,3473,2304,3463,1096,35,5309,21748,3532,1777,129,87,3494.0,16108.0,720.0,982.0,27.085271317829456,185.1494252873563,4663,0.005059678819444444,120.54764887152778,0.7749455392449711,0.9997121473805411,0.2169108517506829,4.610188895248998,0.4120477180764106,1131,19602.0,0.821752882358943,1.3202151755379388
63,clideo_editor_13d9c85214c64cfaaf58122f95277d19.mp4,03:08.96,188.96,4724,1280,720,25513,0.027683376736111112,20676,0.022434895833333333,1160,2314,3473,2304,3463,1096,35,5309,21748,3532,1777,129,87,3494.0,16108.0,720.0,982.0,27.085271317829456,185.1494252873563,4663,0.005059678819444444,120.54764887152778,0.7749455392449711,0.9997121473805411,0.2169108517506829,4.610188895248998,0.4120477180764106,1131,19602.0,0.821752882358943,1.3202151755379388
64,clideo_editor_13d9c85214c64cfaaf58122f95277d19.mp4,03:12.00,192.0,4800,1280,720,25513,0.027683376736111112,20676,0.022434895833333333,1160,2314,3473,2304,3463,1096,35,5309,21748,3532,1777,129,87,3494.0,16108.0,720.0,982.0,27.085271317829456,185.1494252873563,4663,0.005059678819444444,120.54764887152778,0.7749455392449711,0.9997121473805411,0.2169108517506829,4.610188895248998,0.4120477180764106,1131,19602.0,0.821752882358943,1.3202151755379388
65,clideo_editor_13d9c85214c64cfaaf58122f95277d19.mp4,03:15.04,195.04,4876,1280,720,25513,0.027683376736111112,20676,0.022434895833333333,1160,2314,3473,2304,3463,1096,35,5309,21748,3532,1777,129,87,3494.0,16108.0,720.0,982.0,27.085271317829456,185.1494252873563,4663,0.005059678819444444,120.54764887152778,0.7749455392449711,0.9997121473805411,0.2169108517506829,4.610188895248998,0.4120477180764106,1131,19602.0,0.821752882358943,1.3202151755379388
66,clideo_editor_13d9c85214c64cfaaf58122f95277d19.mp4,03:18.04,198.04,4951,1280,720,25513,0.027683376736111112,20676,0.022434895833333333,1160,2314,3473,2304,3463,1096,35,5309,21748,3532,1777,129,87,3494.0,16108.0,720.0,982.0,27.085271317829456,185.1494252873563,4663,0.005059678819444444,120.54764887152778,0.7749455392449711,0.9997121473805411,0.2169108517506829,4.610188895248998,0.4120477180764106,1131,19602.0,0.821752882358943,1.3202151755379388
67,clideo_editor_13d9c85214c64cfaaf58122f95277d19.mp4,03:21.08,201.08,5027,1280,720,30425,0.033013237847222224,25210,0.027354600694444446,1457,2897,4353,2893,4349,1279,78,2964,24916,1250,1714,188,126,6949.0,16404.0,204.0,1104.0,36.962765957446805,130.1904761904762,2607,0.0028287760416666665,80.9333203125,0.91459187410665,0.9972508591065292,0.4236161911728847,2.360627428406965,0.3864967805573536,1357,23353.0,0.7024365177921467,2.0856
68,clideo_editor_13d9c85214c64cfaaf58122f95277d19.mp4,03:24.08,204.08,5102,1280,720,30425,0.033013237847222224,25210,0.027354600694444446,1457,2897,4353,2893,4349,1279,78,2964,24916,1250,1714,188,126,6949.0,16404.0,204.0,1104.0,36.962765957446805,130.1904761904762,2607,0.0028287760416666665,80.9333203125,0.91459187410665,0.9972508591065292,0.4236161911728847,2.360627428406965,0.3864967805573536,1357,23353.0,0.7024365177921467,2.0856
69,clideo_editor_13d9c85214c64cfaaf58122f95277d19.mp4,03:27.12,207.12,5178,1280,720,42058,0.045635850694444445,33613,0.03647243923611111,1600,3170,4769,3168,4767,1436,117,5001,33301,2250,2751,314,210,11408.0,19393.0,288.0,897.0,36.3312101910828,92.34761904761905,3803,0.004126519097222222,161.39861002604167,0.9389277612180092,0.9947851481017939,0.5882534935285928,1.6999474053295933,0.4010241830528062,1553,30801.0,0.6296224148566605,1.6902222222222223
70,clideo_editor_13d9c85214c64cfaaf58122f95277d19.mp4,03:30.16,210.16,5254,1280,720,290369,0.31507052951388886,237144,0.25731770833333334,1600,3177,4776,3177,4776,1488,385,94683,271082,72001,22682,1068,712,20478.0,207906.0,153.0,69269.0,19.174157303370787,292.00280898876406,73874,0.0801584201388889,21782.5639851888,0.9868778930629715,0.9962453066332916,0.09849643588929613,10.152651626135365,0.5955417285778888,1873,228384.0,0.9103352248844052,1.0260135275898945
71,clideo_editor_13d9c85214c64cfaaf58122f95277d19.mp4,03:33.16,213.16,5329,1280,720,290369,0.31507052951388886,237144,0.25731770833333334,1600,3177,4776,3177,4776,1488,385,94683,271082,72001,22682,1068,712,20478.0,207906.0,153.0,69269.0,19.174157303370787,292.00280898876406,73874,0.0801584201388889,21782.5639851888,0.9868778930629715,0.9962453066332916,0.09849643588929613,10.152651626135365,0.5955417285778888,1873,228384.0,0.9103352248844052,1.0260135275898945
72,clideo_editor_13d9c85214c64cfaaf58122f95277d19.mp4,03:36.20,216.2,5405,1280,720,291076,0.3158376736111111,238101,0.25835611979166667,1600,3175,4774,3175,4774,1479,539,94419,271742,71615,22804,1078,719,21569.0,207927.0,213.0,72214.0,20.008348794063078,289.1891515994437,73633,0.07989691840277778,21774.982401801215,0.9870631873668935,0.9958281184814352,0.10373352186103776,9.640085307617413,0.5955523847674952,2018,229496.0,0.9060157911248998,1.028178454234448
73,clideo_editor_13d9c85214c64cfaaf58122f95277d19.mp4,03:39.20,219.2,5480,1280,720,291076,0.3158376736111111,238101,0.25835611979166667,1600,3175,4774,3175,4774,1479,539,94419,271742,71615,22804,1078,719,21569.0,207927.0,213.0,72214.0,20.008348794063078,289.1891515994437,73633,0.07989691840277778,21774.982401801215,0.9870631873668935,0.9958281184814352,0.10373352186103776,9.640085307617413,0.5955523847674952,2018,229496.0,0.9060157911248998,1.028178454234448
74,clideo_editor_13d9c85214c64cfaaf58122f95277d19.mp4,03:42.24,222.24,5556,1280,720,276269,0.29977105034722223,225541,0.24472764756944446,1600,3182,4781,3180,4779,1481,439,86983,255640,65471,21512,1093,729,24356.0,193490.0,196.0,46228.0,22.2836230558097,265.41838134430725,67391,0.07312391493055556,18903.850875,0.9856651766669292,0.9972882770129329,0.1258773063207401,7.944243718180325,0.5868573240130559,1920,217846.0,0.8881962487261643,1.0293259611125536
75,clideo_editor_13d9c85214c64cfaaf58122f95277d19.mp4,03:45.24,225.24,5631,1280,720,32281,0.03502712673611111,24884,0.027000868055555554,1494,2962,4455,2954,4447,1402,52,4511,24865,2187,2324,404,270,7898.0,15259.0,162.0,389.0,19.54950495049505,56.51481481481481,3641,0.003950737847222222,117.3377236328125,0.8828286582493028,0.9953083109919572,0.5175961727505078,1.9320081033172956,0.3945918364018621,1454,23157.0,0.6589368225590534,1.6648376771833562
76,clideo_editor_13d9c85214c64cfaaf58122f95277d19.mp4,03:48.28,228.28,5707,1280,720,32281,0.03502712673611111,24884,0.027000868055555554,1494,2962,4455,2954,4447,1402,52,4511,24865,2187,2324,404,270,7898.0,15259.0,162.0,389.0,19.54950495049505,56.51481481481481,3641,0.003950737847222222,117.3377236328125,0.8828286582493028,0.9953083109919572,0.5175961727505078,1.9320081033172956,0.3945918364018621,1454,23157.0,0.6589368225590534,1.6648376771833562
77,clideo_editor_13d9c85214c64cfaaf58122f95277d19.mp4,03:51.32,231.32,5783,1280,720,75889,0.08234483506944444,60080,0.06519097222222223,1600,3177,4776,3172,4771,1521,91,18059,64487,12429,5630,687,459,13493.0,43326.0,85.0,1011.0,19.64046579330422,94.3921568627451,14041,0.015235460069444444,1071.980084309896,0.9221631827901534,0.9962453066332916,0.31142962655218576,3.210998295412436,0.4631517361427903,1612,56819.0,0.7625266196166776,1.1296966771260761
78,clideo_editor_13d9c85214c64cfaaf58122f95277d19.mp4,03:54.32,234.32,5858,1280,720,75889,0.08234483506944444,60080,0.06519097222222223,1600,3177,4776,3172,4771,1521,91,18059,64487,12429,5630,687,459,13493.0,43326.0,85.0,1011.0,19.64046579330422,94.3921568627451,14041,0.015235460069444444,1071.980084309896,0.9221631827901534,0.9962453066332916,0.31142962655218576,3.210998295412436,0.4631517361427903,1612,56819.0,0.7625266196166776,1.1296966771260761
79,clideo_editor_13d9c85214c64cfaaf58122f95277d19.mp4,03:57.36,237.36,5934,1280,720,102619,0.11134874131944444,81101,0.0880002170138889,1600,3175,4774,3174,4773,1491,105,20592,85043,13165,7427,1077,718,25797.0,52050.0,133.0,1414.0,23.95264623955432,72.49303621169916,14761,0.016016710069444443,1523.095298828125,0.931994545511143,0.9958281184814352,0.4956195965417867,2.0176764740086055,0.4680432557626882,1596,77847.0,0.6686192146132799,1.121230535510824
80,clideo_editor_13d9c85214c64cfaaf58122f95277d19.mp4,04:00.36,240.36,6009,1280,720,153019,0.16603624131944444,122314,0.13271918402777777,1600,3176,4775,3176,4775,1476,250,33835,130579,23116,10719,1491,994,28052.0,88092.0,119.0,1997.0,18.814218645204562,88.62374245472837,24842,0.02695529513888889,3835.144864095052,0.9532534438636125,0.9960367125573634,0.3184398129228534,3.1403108512762015,0.505387807069737,1726,116144.0,0.7584722413555586,1.0746668973870912
81,clideo_editor_13d9c85214c64cfaaf58122f95277d19.mp4,04:03.40,243.4,6085,1280,720,153019,0.16603624131944444,122314,0.13271918402777777,1600,3176,4775,3176,4775,1476,250,33835,130579,23116,10719,1491,994,28052.0,88092.0,119.0,1997.0,18.814218645204562,88.62374245472837,24842,0.02695529513888889,3835.144864095052,0.9532534438636125,0.9960367125573634,0.3184398129228534,3.1403108512762015,0.505387807069737,1726,116144.0,0.7584722413555586,1.0746668973870912
82,clideo_editor_13d9c85214c64cfaaf58122f95277d19.mp4,04:06.44,246.44,6161,1280,720,72400,0.07855902777777778,55459,0.060176866319444446,1600,3177,4776,3176,4775,1474,697,15266,58881,10138,5128,646,431,20392.0,34666.0,171.0,643.0,31.56656346749226,80.43155452436194,12309,0.013356119791666666,887.8620893012153,0.8530674587911415,0.9962453066332916,0.5882420815784919,1.6999803844644958,0.44581802339896526,2171,55058.0,0.6296269388644702,1.2141448017360426
83,clideo_editor_13d9c85214c64cfaaf58122f95277d19.mp4,04:09.44,249.44,6236,1280,720,72388,0.07854600694444444,55447,0.06016384548611111,1600,3175,4774,3175,4774,1474,697,15261,58867,10134,5127,647,431,20423.0,34623.0,171.0,643.0,31.56568778979907,80.33178654292344,12305,0.01335177951388889,887.4133538411457,0.8489383370637843,0.9958281184814352,0.5898680068162782,1.695294520883318,0.44512066080190016,2171,55046.0,0.6289830323729244,1.2142293270179594
84,clideo_editor_13d9c85214c64cfaaf58122f95277d19.mp4,04:12.48,252.48,6312,1280,720,89705,0.09733615451388888,68137,0.07393337673611111,1600,3166,4765,3164,4763,1450,729,20033,72683,13411,6622,758,505,22097.0,45390.0,157.0,1027.0,29.151715039577837,89.88118811881188,15590,0.01691623263888889,1389.862537109375,0.8275113516524565,0.9939507717980809,0.4868252919145186,2.0541249943431237,0.45109592323199804,2179,67487.0,0.6725739772104257,1.1624785623741705
85,clideo_editor_13d9c85214c64cfaaf58122f95277d19.mp4,04:15.48,255.48,6387,1280,720,72482,0.07864800347222223,55319,0.06002495659722222,1600,3175,4774,3174,4773,1480,685,15224,58683,10112,5112,654,437,19659.0,35258.0,130.0,552.0,30.059633027522935,80.68192219679634,12277,0.013321397569444445,885.6113672960071,0.8262563993682271,0.9958281184814352,0.557575585682682,1.7934788137748614,0.4417549497022493,2165,54917.0,0.6420234171568002,1.2141020569620253
86,clideo_editor_13d9c85214c64cfaaf58122f95277d19.mp4,04:18.52,258.52,6463,1280,720,72155,0.07829318576388888,55148,0.05983940972222222,1600,3174,4773,3171,4770,1468,687,15298,58616,10225,5073,641,427,18991.0,35755.0,130.0,746.0,29.62714508580343,83.73536299765809,12380,0.013433159722222223,889.381262532552,0.8487884959748985,0.9956195244055068,0.5311424975527899,1.882733926596809,0.4457946456463472,2155,54746.0,0.6531070763160779,1.2107579462102689
87,clideo_editor_13d9c85214c64cfaaf58122f95277d19.mp4,04:21.56,261.56,6539,1280,720,110576,0.1199826388888889,87290,0.09471571180555556,1600,3178,4777,3175,4774,1496,112,21832,91991,14378,7454,1103,736,28474.0,55203.0,163.0,1895.0,25.815049864007253,75.00407608695652,15986,0.017345920138888887,1776.7826207682292,0.9587358462735259,0.9964539007092199,0.5158053004365705,1.938716021633771,0.47993130996306066,1608,83677.0,0.6597153339627376,1.1118375295590486
88,clideo_editor_13d9c85214c64cfaaf58122f95277d19.mp4,04:24.56,264.56,6614,1280,720,110576,0.1199826388888889,87290,0.09471571180555556,1600,3178,4777,3175,4774,1496,112,21832,91991,14378,7454,1103,736,28474.0,55203.0,163.0,1895.0,25.815049864007253,75.00407608695652,15986,0.017345920138888887,1776.7826207682292,0.9587358462735259,0.9964539007092199,0.5158053004365705,1.938716021633771,0.47993130996306066,1608,83677.0,0.6597153339627376,1.1118375295590486
89,clideo_editor_13d9c85214c64cfaaf58122f95277d19.mp4,04:27.60,267.6,6690,1280,720,110576,0.1199826388888889,87290,0.09471571180555556,1600,3178,4777,3175,4774,1496,112,21832,91991,14378,7454,1103,736,28474.0,55203.0,163.0,1895.0,25.815049864007253,75.00407608695652,15986,0.017345920138888887,1776.7826207682292,0.9587358462735259,0.9964539007092199,0.5158053004365705,1.938716021633771,0.47993130996306066,1608,83677.0,0.6597153339627376,1.1118375295590486
90,clideo_editor_13d9c85214c64cfaaf58122f95277d19.mp4,04:30.60,270.6,6765,1280,720,110576,0.1199826388888889,87290,0.09471571180555556,1600,3178,4777,3175,4774,1496,112,21832,91991,14378,7454,1103,736,28474.0,55203.0,163.0,1895.0,25.815049864007253,75.00407608695652,15986,0.017345920138888887,1776.7826207682292,0.9587358462735259,0.9964539007092199,0.5158053004365705,1.938716021633771,0.47993130996306066,1608,83677.0,0.6597153339627376,1.1118375295590486
91,clideo_editor_13d9c85214c64cfaaf58122f95277d19.mp4,04:33.64,273.64,6841,1280,720,110574,0.11998046875,87292,0.09471788194444444,1600,3176,4775,3174,4773,1495,112,21834,91992,14378,7456,1104,736,28476.0,55203.0,163.0,1895.0,25.793478260869566,75.00407608695652,15985,0.017344835069444446,1776.661074001736,0.9577868483405273,0.9960367125573634,0.5158415303516113,1.9385798567214496,0.479714099916549,1607,83679.0,0.6596995661994048,1.1117679788565864
92,clideo_editor_13d9c85214c64cfaaf58122f95277d19.mp4,04:36.64,276.64,6916,1280,720,118970,0.12909071180555556,96212,0.10439670138888889,1600,3180,4779,3180,4779,1487,324,22616,100295,14332,8284,999,666,28791.0,63710.0,1280.0,2453.0,28.81981981981982,95.66066066066067,16143,0.017516276041666667,1944.5094149305555,0.9601807302910468,0.9968710888610763,0.45190707895149895,2.2128442916189086,0.4799064561581279,1811,92501.0,0.6887493108182614,1.1263605916829473
93,clideo_editor_13d9c85214c64cfaaf58122f95277d19.mp4,04:39.68,279.68,6992,1280,720,118970,0.12909071180555556,96212,0.10439670138888889,1600,3180,4779,3180,4779,1487,324,22616,100295,14332,8284,999,666,28791.0,63710.0,1280.0,2453.0,28.81981981981982,95.66066066066067,16143,0.017516276041666667,1944.5094149305555,0.9601807302910468,0.9968710888610763,0.45190707895149895,2.2128442916189086,0.4799064561581279,1811,92501.0,0.6887493108182614,1.1263605916829473
94,clideo_editor_13d9c85214c64cfaaf58122f95277d19.mp4,04:42.72,282.72,7068,1280,720,118970,0.12909071180555556,96212,0.10439670138888889,1600,3180,4779,3180,4779,1487,324,22616,100295,14332,8284,999,666,28791.0,63710.0,1280.0,2453.0,28.81981981981982,95.66066066066067,16143,0.017516276041666667,1944.5094149305555,0.9601807302910468,0.9968710888610763,0.45190707895149895,2.2128442916189086,0.4799064561581279,1811,92501.0,0.6887493108182614,1.1263605916829473
95,clideo_editor_13d9c85214c64cfaaf58122f95277d19.mp4,04:45.72,285.72,7143,1280,720,118946,0.1290646701388889,96190,0.10437282986111111,1600,3181,4780,3180,4779,1491,324,22621,100272,14333,8288,999,667,28783.0,63696.0,1280.0,2453.0,28.81181181181181,95.49625187406296,16148,0.01752170138888889,1944.7033730468752,0.9620128321646582,0.9970796829370046,0.4518808088419995,2.212972935413265,0.48018080082394177,1815,92479.0,0.6887617729430465,1.1266308518802763
96,clideo_editor_13d9c85214c64cfaaf58122f95277d19.mp4,04:48.76,288.76,7219,1280,720,294869,0.31995334201388886,239512,0.2598871527777778,1600,3181,4780,3180,4779,1484,256,98991,276407,76434,22557,987,659,17419.0,214934.0,130.0,147787.0,17.648429584599796,326.15174506828527,78174,0.08482421875,23368.866491699217,0.9876489870081853,0.9970796829370046,0.08104348311574716,12.339055054825192,0.6000988936054359,1740,232353.0,0.9250321708779314,1.0227647382055107
97,clideo_editor_13d9c85214c64cfaaf58122f95277d19.mp4,04:51.76,291.76,7294,1280,720,294869,0.31995334201388886,239512,0.2598871527777778,1600,3181,4780,3180,4779,1484,256,98991,276407,76434,22557,987,659,17419.0,214934.0,130.0,147787.0,17.648429584599796,326.15174506828527,78174,0.08482421875,23368.866491699217,0.9876489870081853,0.9970796829370046,0.08104348311574716,12.339055054825192,0.6000988936054359,1740,232353.0,0.9250321708779314,1.0227647382055107
98,clideo_editor_13d9c85214c64cfaaf58122f95277d19.mp4,04:54.80,294.8,7370,1280,720,294869,0.31995334201388886,239512,0.2598871527777778,1600,3181,4780,3180,4779,1484,256,98991,276407,76434,22557,987,659,17419.0,214934.0,130.0,147787.0,17.648429584599796,326.15174506828527,78174,0.08482421875,23368.866491699217,0.9876489870081853,0.9970796829370046,0.08104348311574716,12.339055054825192,0.6000988936054359,1740,232353.0,0.9250321708779314,1.0227647382055107
99,clideo_editor_13d9c85214c64cfaaf58122f95277d19.mp4,04:57.84,297.84,7446,1280,720,294869,0.31995334201388886,239512,0.2598871527777778,1600,3181,4780,3180,4779,1484,256,98991,276407,76434,22557,987,659,17419.0,214934.0,130.0,147787.0,17.648429584599796,326.15174506828527,78174,0.08482421875,23368.866491699217,0.9876489870081853,0.9970796829370046,0.08104348311574716,12.339055054825192,0.6000988936054359,1740,232353.0,0.9250321708779314,1.0227647382055107
100,clideo_editor_13d9c85214c64cfaaf58122f95277d19.mp4,05:00.84,300.84,7521,1280,720,294869,0.31995334201388886,239512,0.2598871527777778,1600,3181,4780,3180,4779,1484,256,98991,276407,76434,22557,987,659,17419.0,214934.0,130.0,147787.0,17.648429584599796,326.15174506828527,78174,0.08482421875,23368.866491699217,0.9876489870081853,0.9970796829370046,0.08104348311574716,12.339055054825192,0.6000988936054359,1740,232353.0,0.9250321708779314,1.0227647382055107
